{"stats":{"minecraft:picked_up":{"minecraft:stick":4,"minecraft:magma_block":2,"minecraft:sweet_berries":55,"epicfight:skillbook":1,"minecraft:oak_log":6,"tombstone:grave_key":1,"minecraft:spruce_sapling":3,"minecraft:spruce_log":5,"minecraft:redstone":3,"minecraft:dark_oak_log":10,"minecraft:dirt":1,"minecraft:lantern":1,"minecraft:arrow":1,"minecraft:bundle":1,"biomesoplenty:maple_sapling":3,"minecraft:dispenser":1,"minecraft:rotten_flesh":3,"minecraft:apple":1,"minecraft:wheat_seeds":3,"minecraft:spruce_wood":23,"minecraft:oak_boat":2,"tombstone:bag_of_seeds":1,"alexsmobs:maggot":2,"tombstone:magic_scroll":1,"minecraft:rail":1},"minecraft:crafted":{"minecraft:oak_boat":1,"minecraft:oak_planks":24,"minecraft:crafting_table":2,"minecraft:wooden_pickaxe":1},"minecraft:killed":{"minecraft:zombie":7,"iceandfire:ghost":1},"minecraft:killed_by":{"iceandfire:ghost":2,"minecraft:skeleton":2,"minecraft:creeper":1,"minecraft:zombie":2,"minecraft:enderman":1,"alexsmobs:grizzly_bear":1},"minecraft:used":{"epicfight:skillbook":1,"minecraft:apple":1,"minecraft:dark_oak_log":2,"minecraft:spruce_wood":2,"minecraft:wooden_pickaxe":4,"minecraft:spruce_sapling":1,"minecraft:dirt":1,"minecraft:golden_apple":1,"minecraft:rail":1,"iceandfire:copper_sword":16,"minecraft:sweet_berries":37,"minecraft:crafting_table":2,"minecraft:carrot":5,"minecraft:oak_boat":2},"minecraft:dropped":{"minecraft:dark_oak_log":8,"minecraft:wheat_seeds":3,"tombstone:grave_key":1,"minecraft:spruce_sapling":2},"minecraft:mined":{"minecraft:magma_block":2,"minecraft:sweet_berry_bush":9,"minecraft:dandelion":1,"treechop:chopped_log":1,"minecraft:grass":13,"minecraft:grass_block":1,"minecraft:vine":1,"minecraft:lantern":1,"minecraft:tall_grass":1,"minecraft:dispenser":1,"minecraft:fern":6},"minecraft:custom":{"minecraft:time_since_rest":1,"minecraft:sprint_one_cm":393527,"minecraft:damage_absorbed":10,"minecraft:damage_taken":2462,"minecraft:walk_one_cm":151734,"minecraft:trigger_trapped_chest":3,"minecraft:mob_kills":8,"minecraft:drop":5,"minecraft:minecart_one_cm":449,"minecraft:damage_dealt":2045,"minecraft:interact_with_crafting_table":2,"minecraft:swim_one_cm":54601,"minecraft:fly_one_cm":1226774,"minecraft:open_chest":26,"minecraft:crouch_one_cm":1132,"minecraft:play_time":75578,"tombstone:undead_killed":8,"minecraft:deaths":9,"minecraft:sneak_time":636,"minecraft:walk_under_water_one_cm":4544,"minecraft:jump":1812,"minecraft:leave_game":5,"minecraft:time_since_death":151,"minecraft:walk_on_water_one_cm":7741,"minecraft:climb_one_cm":20,"minecraft:total_world_time":75578,"minecraft:fall_one_cm":35221,"minecraft:inspect_dispenser":1}},"DataVersion":3465}