{"stats":{"minecraft:custom":{"minecraft:jump":65,"minecraft:time_since_rest":5941,"minecraft:leave_game":1,"minecraft:walk_on_water_one_cm":10975,"minecraft:sprint_one_cm":8726,"minecraft:play_time":5941,"minecraft:damage_taken":180,"minecraft:time_since_death":5941,"minecraft:walk_one_cm":2516,"minecraft:sneak_time":546,"minecraft:total_world_time":5941,"minecraft:walk_under_water_one_cm":41560,"minecraft:swim_one_cm":13096,"minecraft:fall_one_cm":3273,"minecraft:fly_one_cm":653082}},"DataVersion":3465}