{"stats":{"minecraft:picked_up":{"minecraft:crafting_table":4,"minecraft:feather":6,"minecraft:chicken":4,"minecraft:brown_mushroom":5,"minecraft:oak_log":61,"minecraft:gunpowder":2,"minecraft:dirt":2,"minecraft:apple":6,"minecraft:calcite":26,"minecraft:furnace":1,"minecraft:raw_iron":2,"minecraft:stick":7,"minecraft:torch":5,"minecraft:porkchop":5,"tombstone:grave_dust":1,"biomesoplenty:maple_sapling":31,"minecraft:rotten_flesh":1,"minecraft:coal":20,"minecraft:cod":1,"minecraft:cobblestone":21},"minecraft:crafted":{"epicfight:stone_spear":1,"minecraft:oak_planks":88,"minecraft:crafting_table":1,"minecraft:wooden_pickaxe":1,"minecraft:cooked_chicken":4,"minecraft:furnace":1,"minecraft:stone_axe":1,"minecraft:air":0,"minecraft:stick":12,"minecraft:stone_pickaxe":1,"minecraft:wooden_axe":1,"minecraft:stone_sword":1,"minecraft:torch":20},"minecraft:killed":{"minecraft:pig":3,"minecraft:zombie_villager":1,"minecraft:creeper":3,"minecraft:skeleton":1,"minecraft:zombie":2,"iceandfire:ghost":2,"minecraft:chicken":4},"minecraft:killed_by":{"iceandfire:ghost":1},"minecraft:used":{"minecraft:stone_pickaxe":59,"minecraft:oak_planks":8,"minecraft:wooden_pickaxe":4,"minecraft:cooked_chicken":4,"minecraft:iron_chestplate":1,"minecraft:torch":11,"minecraft:dirt":2,"minecraft:crafting_table":4,"minecraft:cod":1,"epicfight:stone_spear":51,"minecraft:wooden_axe":9,"minecraft:apple":6,"minecraft:stone_axe":20,"minecraft:furnace":1,"tombstone:gift":2},"minecraft:dropped":{"alexsmobs:animal_dictionary":1,"biomesoplenty:maple_sapling":9,"minecraft:rotten_flesh":1,"minecraft:stick":3,"tombstone:grave_dust":2},"minecraft:mined":{"minecraft:brown_mushroom":6,"minecraft:crafting_table":4,"minecraft:grass_block":1,"minecraft:calcite":26,"biomesoplenty:sprout":1,"minecraft:wall_torch":4,"minecraft:furnace":1,"minecraft:iron_ore":2,"treechop:chopped_log":4,"minecraft:grass":1,"minecraft:coal_ore":13,"minecraft:dirt":1,"minecraft:stone":21},"minecraft:custom":{"minecraft:interact_with_furnace":5,"minecraft:mob_kills":16,"minecraft:interact_with_crafting_table":5,"minecraft:leave_game":5,"minecraft:time_since_death":4338,"minecraft:time_since_rest":3263,"minecraft:sprint_one_cm":228440,"minecraft:damage_taken":1029,"minecraft:walk_one_cm":165093,"minecraft:trigger_trapped_chest":1,"minecraft:drop":10,"minecraft:damage_dealt":2161,"minecraft:swim_one_cm":122810,"minecraft:fly_one_cm":533369,"minecraft:open_chest":3,"minecraft:crouch_one_cm":5762,"minecraft:play_time":40984,"tombstone:undead_killed":6,"minecraft:deaths":3,"minecraft:sneak_time":1223,"minecraft:walk_under_water_one_cm":8402,"minecraft:jump":1253,"minecraft:walk_on_water_one_cm":44267,"minecraft:total_world_time":40984,"minecraft:fall_one_cm":22669}},"DataVersion":3465}