{"stats":{"minecraft:picked_up":{"minecraft:fishing_rod":1,"minecraft:charcoal":24,"minecraft:leather_leggings":5,"minecraft:oak_stairs":6,"minecraft:stone_brick_wall":1,"minecraft:enchanted_book":2,"minecraft:item_frame":12,"minecraft:armor_stand":6,"minecraft:white_carpet":31,"minecraft:zombie_head":1,"minecraft:experience_bottle":1,"minecraft:spruce_planks":28,"minecraft:beef":5,"minecraft:rose_bush":1,"minecraft:spruce_slab":3,"minecraft:iron_boots":2,"minecraft:stick":5,"iceandfire:dragonbone":2,"iceandfire:troll_tusk":2,"minecraft:oak_door":1,"minecraft:oak_fence":3,"minecraft:torch":1,"minecraft:spruce_stairs":1,"minecraft:porkchop":5,"minecraft:cake":2,"minecraft:stone_button":5,"minecraft:dark_oak_planks":2,"iceandfire:silver_ingot":2,"minecraft:stone_sword":2,"minecraft:rotten_flesh":1,"minecraft:pumpkin_pie":4,"minecraft:diamond_boots":5,"minecraft:hay_block":3,"supplementaries:ash":8,"minecraft:brick_stairs":2,"minecraft:mutton":12,"minecraft:skeleton_skull":1,"minecraft:white_wool":2,"minecraft:cobblestone":30,"minecraft:leather_chestplate":5,"minecraft:cooked_beef":1,"minecraft:leather":3,"minecraft:smoker":1,"minecraft:potato":18,"doggytalents:rice_grains":2,"minecraft:oak_log":13,"minecraft:dirt":6,"minecraft:paper":1,"minecraft:lantern":3,"minecraft:white_banner":15,"minecraft:purple_carpet":5,"minecraft:cooked_mutton":3,"minecraft:apple":2,"minecraft:stone_bricks":1,"minecraft:wheat_seeds":2,"minecraft:iron_ingot":10,"minecraft:stone_pickaxe":1,"minecraft:rabbit":4,"minecraft:oak_planks":18,"minecraft:book":162,"minecraft:oak_slab":1,"minecraft:dark_oak_slab":1,"iceandfire:ash":3,"iceandfire:shiny_scales":1,"minecraft:spruce_sapling":8,"minecraft:blast_furnace":1,"minecraft:white_bed":1,"minecraft:spruce_log":12,"minecraft:dark_oak_fence_gate":2,"minecraft:jungle_slab":2,"minecraft:leather_helmet":5,"minecraft:mossy_cobblestone":1,"minecraft:brick_slab":2,"minecraft:firework_rocket":1,"biomesoplenty:maple_sapling":1,"minecraft:spruce_boat":1,"minecraft:chainmail_leggings":1,"minecraft:emerald":1,"minecraft:baked_potato":8,"minecraft:oak_sapling":1,"minecraft:black_wool":1,"minecraft:coal":22},"minecraft:crafted":{"minecraft:oak_planks":24,"minecraft:cooked_mutton":10,"minecraft:stone_pickaxe":1,"minecraft:spruce_boat":2,"minecraft:cooked_rabbit":4,"epicfight:stone_spear":1,"minecraft:crafting_table":3,"minecraft:spruce_planks":48,"minecraft:wooden_pickaxe":1,"minecraft:baked_potato":9,"minecraft:stone_axe":1,"minecraft:air":0,"minecraft:stick":8,"minecraft:iron_ingot":1,"minecraft:stone_sword":1},"minecraft:killed":{"minecraft:pig":2,"minecraft:sheep":3,"minecraft:cow":3},"minecraft:killed_by":{"iceandfire:ghost":1,"iceandfire:fire_dragon":5},"minecraft:used":{"minecraft:oak_fence":1,"minecraft:spruce_planks":1,"minecraft:dirt":6,"minecraft:brick_slab":1,"minecraft:jungle_slab":2,"biomesoplenty:maple_sapling":1,"minecraft:spruce_boat":2,"minecraft:dark_oak_planks":2,"minecraft:brick_stairs":1,"minecraft:dark_oak_slab":1,"minecraft:iron_boots":1,"minecraft:item_frame":3,"minecraft:beef":5,"minecraft:oak_sapling":1,"tombstone:gift":1,"minecraft:cooked_beef":1,"minecraft:cooked_mutton":5,"minecraft:diamond_boots":1,"minecraft:baked_potato":1,"minecraft:stone_pickaxe":10,"minecraft:wooden_pickaxe":19,"minecraft:crafting_table":3,"minecraft:white_bed":1,"epicfight:stone_spear":30,"minecraft:firework_rocket":1,"minecraft:black_wool":1,"minecraft:apple":1,"minecraft:bread":6,"minecraft:stone_button":1,"minecraft:leather_helmet":1,"minecraft:stone_axe":43,"minecraft:fishing_rod":1,"minecraft:porkchop":3,"minecraft:cooked_rabbit":2,"minecraft:pumpkin_pie":2},"minecraft:dropped":{"minecraft:oak_slab":1,"minecraft:porkchop":2,"minecraft:wheat_seeds":2,"minecraft:oak_log":7,"minecraft:baked_potato":8,"minecraft:oak_fence":2,"minecraft:cobblestone":11,"minecraft:apple":1,"iceandfire:ectoplasm":4,"minecraft:copper_ingot":1,"minecraft:spruce_stairs":1,"minecraft:leather_helmet":2,"minecraft:item_frame":10,"minecraft:stone_button":4,"minecraft:torch":1,"minecraft:mutton":1,"minecraft:rose_bush":1,"tombstone:grave_dust":1,"minecraft:oak_stairs":6,"minecraft:pumpkin_pie":2,"minecraft:white_banner":15,"minecraft:paper":1,"minecraft:fishing_rod":1,"minecraft:spruce_sapling":8,"minecraft:armor_stand":3,"minecraft:oak_door":1,"minecraft:iron_nugget":1,"minecraft:stone_sword":2,"alexsmobs:animal_dictionary":1,"minecraft:experience_bottle":1,"minecraft:white_carpet":26,"minecraft:rotten_flesh":7,"minecraft:oak_planks":17,"iceandfire:troll_tusk":1,"minecraft:dark_oak_fence_gate":2,"minecraft:leather_chestplate":2,"supplementaries:ash":8,"minecraft:brick_stairs":1,"minecraft:skeleton_skull":1,"minecraft:stone_brick_wall":1,"minecraft:leather_leggings":3,"minecraft:stone_bricks":1,"doggytalents:rice_grains":2,"minecraft:spruce_slab":2,"minecraft:wooden_pickaxe":1,"minecraft:brick_slab":1,"minecraft:purple_carpet":4},"minecraft:mined":{"minecraft:dark_oak_planks":4,"minecraft:spruce_planks":1,"minecraft:white_bed":1,"minecraft:mossy_cobblestone":1,"minecraft:jungle_slab":4,"minecraft:grass_block":3,"minecraft:hay_block":4,"minecraft:fire":9,"treechop:chopped_log":4,"minecraft:bookshelf":28,"minecraft:vine":1,"minecraft:stone":18,"minecraft:spruce_slab":1,"minecraft:smoker":2,"minecraft:oak_fence":1,"minecraft:blast_furnace":1,"minecraft:white_stained_glass_pane":1,"minecraft:campfire":8,"minecraft:cobblestone":1,"minecraft:dark_oak_slab":1,"minecraft:spruce_log":2,"minecraft:grass":3,"minecraft:coal_ore":1,"minecraft:zombie_head":1,"minecraft:dirt":3,"minecraft:oak_leaves":1,"minecraft:fern":3},"minecraft:custom":{"minecraft:mob_kills":8,"minecraft:interact_with_crafting_table":5,"minecraft:time_since_death":12204,"minecraft:climb_one_cm":3,"minecraft:sprint_one_cm":271745,"minecraft:walk_one_cm":168356,"minecraft:drop":93,"minecraft:talked_to_villager":2,"minecraft:play_time":48311,"minecraft:deaths":6,"minecraft:sneak_time":1335,"minecraft:walk_under_water_one_cm":3195,"minecraft:jump":1274,"minecraft:interact_with_blast_furnace":2,"minecraft:walk_on_water_one_cm":12081,"minecraft:total_world_time":48311,"minecraft:interact_with_furnace":29,"minecraft:sleep_in_bed":1,"minecraft:time_since_rest":3414,"minecraft:damage_taken":2060,"minecraft:trigger_trapped_chest":2,"minecraft:damage_dealt":1236,"minecraft:swim_one_cm":76721,"minecraft:fly_one_cm":591974,"minecraft:open_chest":14,"minecraft:crouch_one_cm":5822,"minecraft:interact_with_smoker":6,"minecraft:fall_one_cm":32210}},"DataVersion":3465}